patient_id,status,reason,bbox_x,bbox_y,bbox_z,center_x,center_y,center_z,exceeds_crop,tumor_in_brain,tumor_in_crop,n_components,main_fraction,mask_voxels
BT0001,ok,,74.0,93.0,63.0,133.5,93.0,82.0,False,1.0,1.0,1.0,1.0,149604
BT0002,ok,,24.0,28.0,36.0,78.5,95.5,57.5,False,1.0,1.0,1.0,1.0,9551
BT0003,ok,,67.0,82.0,70.0,115.0,127.5,99.5,False,1.0,1.0,1.0,1.0,137220
BT0005,ok,,62.0,113.0,76.0,85.5,143.0,68.5,False,1.0,1.0,1.0,1.0,195091
BT0007,ok,,69.0,82.0,86.0,139.0,102.5,72.5,False,1.0,1.0,1.0,1.0,164314
BT0008,ok,,65.0,148.0,76.0,97.0,107.5,94.5,True,1.0,0.9787,2.0,0.9999,227766
BT0009,ok,,52.0,69.0,48.0,157.5,166.0,54.5,False,1.0,1.0,1.0,1.0,58948
BT0011,ok,,73.0,84.0,82.0,141.0,163.5,83.5,False,1.0,1.0,1.0,1.0,170270
BT0013,ok,,54.0,66.0,71.0,106.5,175.5,80.0,False,1.0,1.0,1.0,1.0,95768
BT0015,ok,,31.0,49.0,36.0,135.0,146.0,114.5,False,1.0,1.0,1.0,1.0,24782
BT0018,ok,,44.0,59.0,41.0,78.5,155.0,57.0,False,1.0,1.0,1.0,1.0,45995
BT0019,ok,,65.0,83.0,68.0,146.0,159.0,86.5,False,1.0,1.0,1.0,1.0,140846
BT0020,ok,,27.0,39.0,40.0,96.0,106.0,106.5,False,1.0,1.0,4.0,0.9936,9288
BT0021,ok,,45.0,62.0,60.0,97.0,80.5,98.5,False,1.0,1.0,1.0,1.0,62816
BT0023,ok,,39.0,25.0,23.0,116.0,105.0,96.0,False,1.0,1.0,1.0,1.0,6626
BT0024,ok,,21.0,36.0,65.0,99.0,134.5,83.0,False,1.0,1.0,2.0,0.5466,6111
BT0026,ok,,90.0,87.0,76.0,105.5,130.0,63.5,False,1.0,1.0,11.0,0.8794,73713
BT0027,ok,,73.0,85.0,96.0,136.0,140.0,82.5,False,1.0,1.0,13.0,0.9803,43269
BT0029,ok,,65.0,97.0,76.0,142.0,97.0,91.5,False,1.0,1.0,1.0,1.0,186557
BT0030,ok,,66.0,85.0,77.0,99.5,86.0,84.0,False,1.0,1.0,1.0,1.0,166687
BT0033,ok,,69.0,68.0,61.0,125.0,145.5,98.0,False,1.0,1.0,2.0,0.9659,72750
BT0034,ok,,60.0,94.0,63.0,148.5,132.5,69.0,False,0.9997,1.0,1.0,1.0,138198
BT0035,ok,,41.0,49.0,59.0,85.0,177.0,75.0,False,1.0,1.0,1.0,1.0,55574
BT0036,ok,,43.0,37.0,46.0,132.0,136.0,70.5,False,1.0,1.0,1.0,1.0,33392
BT0041,ok,,44.0,49.0,47.0,79.5,114.0,76.0,False,1.0,1.0,1.0,1.0,35515
BT0042,ok,,42.0,64.0,57.0,138.5,154.5,105.0,False,1.0,1.0,1.0,1.0,61976
BT0045,ok,,70.0,101.0,80.0,135.5,102.0,96.5,False,1.0,1.0,1.0,1.0,154827
BT0048,ok,,40.0,47.0,49.0,86.5,174.0,97.0,False,1.0,1.0,1.0,1.0,40229
BT0050,ok,,17.0,18.0,21.0,121.0,131.5,67.0,False,1.0,1.0,1.0,1.0,3046
BT0053,ok,,46.0,65.0,49.0,73.5,125.0,52.0,False,1.0,1.0,1.0,1.0,58241
BT0055,ok,,45.0,55.0,53.0,84.0,117.0,80.0,False,1.0,1.0,1.0,1.0,37683
BT0059,ok,,64.0,87.0,67.0,88.5,128.0,68.0,False,1.0,1.0,1.0,1.0,139425
BT0060,ok,,31.0,81.0,59.0,132.0,154.0,86.0,False,1.0,1.0,7.0,0.9957,32433
BT0061,ok,,40.0,36.0,26.0,161.5,140.5,77.5,False,1.0,1.0,1.0,1.0,15727
BT0062,ok,,74.0,76.0,68.0,143.5,104.5,82.5,False,1.0,0.9987,22.0,0.9956,148102
BT0063,ok,,34.0,75.0,40.0,101.5,149.0,106.5,False,1.0,1.0,1.0,1.0,19866
BT0065,ok,,64.0,77.0,62.0,136.5,84.0,79.5,False,1.0,1.0,4.0,0.9993,101393
BT0066,ok,,38.0,49.0,53.0,89.5,111.0,60.0,False,1.0,1.0,1.0,1.0,31807
BT0068,ok,,109.0,113.0,87.0,122.0,109.0,96.0,False,1.0,1.0,1.0,1.0,291970
BT0070,ok,,71.0,108.0,108.0,86.0,143.5,78.5,False,1.0,0.9999,3.0,0.9608,234756
BT0075,ok,,42.0,64.0,42.0,162.5,117.5,51.5,False,1.0,1.0,1.0,1.0,35498
BT0076,ok,,52.0,63.0,61.0,144.5,176.0,92.0,False,1.0,1.0,1.0,1.0,71077
BT0078,ok,,77.0,109.0,74.0,152.0,145.0,69.5,False,1.0,1.0,4.0,0.9995,189772
BT0079,ok,,62.0,78.0,65.0,121.5,113.5,73.0,False,1.0,1.0,1.0,1.0,85421
BT0081,ok,,71.0,103.0,66.0,133.0,120.0,100.5,False,1.0,1.0,7.0,0.571,34489
BT0083,ok,,35.0,57.0,36.0,95.0,172.0,42.5,False,1.0,1.0,6.0,0.9958,27574
BT0084,ok,,70.0,121.0,73.0,85.5,133.0,62.0,False,0.9998,1.0,1.0,1.0,210157
BT0086,ok,,78.0,97.0,65.0,91.5,132.0,69.0,False,0.9996,1.0,1.0,1.0,165651
BT0087,ok,,62.0,85.0,69.0,92.5,96.0,92.0,False,0.9998,1.0,1.0,1.0,116118
BT0089,ok,,48.0,61.0,53.0,85.5,178.0,60.0,False,1.0,1.0,1.0,1.0,54727
BT0090,ok,,52.0,79.0,77.0,146.5,164.0,83.0,False,1.0,1.0,1.0,1.0,99911
BT0091,ok,,77.0,103.0,73.0,102.0,103.0,83.0,False,0.9993,1.0,1.0,1.0,174866
BT0095,ok,,47.0,52.0,41.0,156.0,133.5,107.0,False,1.0,1.0,1.0,1.0,32140
BT0096,ok,,67.0,93.0,73.0,155.0,124.0,58.0,False,1.0,1.0,1.0,1.0,176185
BT0099,ok,,88.0,95.0,89.0,135.5,86.0,84.0,False,1.0,1.0,1.0,1.0,212055
BT0101,ok,,105.0,85.0,71.0,133.0,147.0,45.0,False,1.0,1.0,2.0,0.7888,66621
BT0102,ok,,71.0,84.0,76.0,100.0,101.5,86.5,False,1.0,1.0,1.0,1.0,155603
BT0103,ok,,18.0,25.0,21.0,109.5,165.0,79.0,False,1.0,1.0,1.0,1.0,2971
BT0104,ok,,62.0,85.0,72.0,84.5,126.0,67.5,False,1.0,1.0,3.0,1.0,142984
BT0107,ok,,62.0,113.0,51.0,136.5,111.0,97.0,False,0.9889,1.0,1.0,1.0,146572
BT0108,ok,,87.0,121.0,92.0,107.0,152.0,99.5,False,1.0,1.0,2.0,1.0,248623
BT0112,ok,,84.0,112.0,79.0,131.5,143.5,89.0,False,1.0,1.0,8.0,0.9249,109544
BT0113,ok,,61.0,82.0,67.0,82.0,124.5,65.0,False,1.0,1.0,3.0,0.9999,108734
BT0115,ok,,38.0,54.0,47.0,145.5,132.5,55.0,False,1.0,1.0,1.0,1.0,29367
BT0119,ok,,50.0,57.0,43.0,78.5,140.0,106.0,False,0.9989,0.9919,3.0,0.9919,41617
BT0120,ok,,29.0,52.0,44.0,105.0,104.5,113.5,False,1.0,1.0,1.0,1.0,28922
BT0122,ok,,56.0,101.0,75.0,84.5,121.0,54.0,False,1.0,1.0,1.0,1.0,155490
BT0124,ok,,42.0,53.0,58.0,138.5,184.0,70.5,False,0.9992,1.0,1.0,1.0,45208
BT0126,ok,,57.0,70.0,72.0,129.0,163.5,89.5,False,1.0,1.0,1.0,1.0,78264
BT0127,ok,,44.0,86.0,51.0,92.5,127.5,58.0,False,1.0,1.0,1.0,1.0,50181
BT0128,ok,,58.0,81.0,77.0,84.5,169.0,69.0,False,1.0,1.0,1.0,1.0,131177
BT0129,ok,,53.0,96.0,67.0,142.0,136.5,61.0,False,1.0,1.0,3.0,0.9999,40576
BT0130,ok,,60.0,79.0,62.0,159.5,126.0,57.5,False,1.0,1.0,1.0,1.0,93436
BT0133,ok,,80.0,78.0,83.0,106.5,87.5,81.0,False,1.0,1.0,1.0,1.0,167413
BT0136,ok,,60.0,71.0,61.0,149.5,113.0,76.0,False,0.9995,1.0,5.0,0.9925,83559
BT0137,ok,,86.0,70.0,90.0,115.5,162.5,82.5,False,1.0,1.0,2.0,0.868,100308
BT0138,ok,,45.0,60.0,60.0,84.0,121.5,91.5,False,1.0,1.0,1.0,1.0,62450
BT0139,ok,,45.0,49.0,52.0,85.0,131.0,106.5,False,1.0,1.0,1.0,1.0,44986
BT0140,ok,,48.0,48.0,53.0,135.5,117.5,81.0,False,1.0,1.0,1.0,1.0,43666
BT0141,ok,,34.0,43.0,48.0,102.5,161.0,107.5,False,0.9999,1.0,1.0,1.0,31080
BT0142,ok,,32.0,28.0,37.0,91.5,153.5,113.0,False,1.0,1.0,1.0,1.0,12373
BT0143,ok,,39.0,54.0,63.0,137.0,183.5,78.0,False,0.9989,1.0,1.0,1.0,55170
BT0144,ok,,36.0,41.0,32.0,148.5,124.0,105.5,False,0.9988,1.0,1.0,1.0,13772
BT0145,ok,,36.0,53.0,43.0,97.5,118.0,105.0,False,1.0,1.0,1.0,1.0,27720
BT0146,ok,,69.0,109.0,80.0,90.0,120.0,66.5,False,1.0,1.0,1.0,1.0,193476
BT0147,ok,,102.0,73.0,60.0,127.5,130.0,95.5,False,1.0,0.9957,3.0,0.964,98275
BT0148,ok,,49.0,58.0,57.0,83.0,128.5,65.0,False,1.0,1.0,1.0,1.0,49419
BT0149,ok,,53.0,115.0,64.0,134.0,141.0,77.5,False,1.0,1.0,2.0,0.9999,40318
BT0150,ok,,52.0,71.0,54.0,155.5,125.0,70.5,False,1.0,1.0,1.0,1.0,71596
BT0152,ok,,63.0,68.0,79.0,148.0,152.5,99.0,False,1.0,1.0,15.0,0.9962,124534
BT0155,ok,,39.0,50.0,51.0,88.0,114.5,70.0,False,1.0,1.0,1.0,1.0,34654
BT0156,ok,,41.0,72.0,48.0,90.0,126.5,52.5,False,1.0,1.0,1.0,1.0,43235
BT0157,ok,,115.0,90.0,95.0,125.0,147.5,95.0,False,1.0,1.0,4.0,0.5514,42511
BT0158,ok,,47.0,46.0,50.0,155.0,163.5,82.5,False,1.0,1.0,1.0,1.0,33604
BT0159,ok,,45.0,84.0,58.0,95.0,123.5,108.5,False,1.0,1.0,3.0,0.9981,69365
BT0160,ok,,55.0,49.0,48.0,137.0,144.0,78.5,False,1.0,1.0,1.0,1.0,51376
BT0162,ok,,87.0,73.0,64.0,130.0,101.0,94.5,False,1.0,1.0,1.0,1.0,125234
BT0165,ok,,81.0,85.0,69.0,125.0,100.0,96.0,False,1.0,1.0,2.0,1.0,157628
BT0166,ok,,46.0,67.0,43.0,102.5,119.0,58.0,False,0.9994,1.0,2.0,0.9702,30760
BT0168,ok,,77.0,94.0,84.0,103.0,84.5,90.5,False,1.0,1.0,1.0,1.0,194945
BT0169,ok,,58.0,103.0,94.0,83.5,158.0,72.5,False,1.0,1.0,1.0,1.0,138092
BT0170,ok,,18.0,32.0,27.0,67.5,142.5,62.0,False,1.0,1.0,3.0,0.9963,5403
BT0172,ok,,69.0,89.0,75.0,142.0,111.0,58.0,False,1.0,1.0,1.0,1.0,127141
BT0173,ok,,31.0,29.0,35.0,111.0,135.0,35.0,False,1.0,1.0,1.0,1.0,12044
BT0179,ok,,26.0,56.0,43.0,130.5,117.5,113.0,False,1.0,1.0,6.0,0.9988,16773
BT0181,ok,,97.0,91.0,102.0,114.0,95.0,76.5,False,1.0,1.0,1.0,1.0,223890
BT0182,ok,,58.0,79.0,63.0,156.5,142.0,92.0,False,0.9995,1.0,4.0,0.9986,113777
BT0183,ok,,55.0,64.0,58.0,93.0,85.5,109.5,False,1.0,1.0,1.0,1.0,53132
BT0184,ok,,60.0,80.0,69.0,103.5,174.5,68.0,False,1.0,1.0,1.0,1.0,79233
BT0187,ok,,69.0,63.0,56.0,148.0,115.0,65.5,False,1.0,1.0,4.0,0.9511,67031
BT0188,ok,,53.0,67.0,59.0,83.0,111.0,69.0,False,1.0,1.0,1.0,1.0,81647
BT0189,ok,,70.0,90.0,82.0,139.5,112.5,60.5,False,1.0,1.0,4.0,1.0,124205
BT0190,ok,,58.0,73.0,64.0,87.5,86.0,99.5,False,1.0,1.0,1.0,1.0,121562
BT0191,ok,,34.0,41.0,37.0,164.5,141.0,103.0,False,1.0,1.0,1.0,1.0,19589
BT0193,ok,,69.0,86.0,61.0,102.0,83.5,79.0,False,1.0,1.0,3.0,0.9998,114914
BT0194,ok,,36.0,32.0,38.0,84.5,181.5,63.5,False,1.0,1.0,2.0,0.9995,16121
BT0196,ok,,81.0,108.0,88.0,103.0,111.5,92.5,False,1.0,1.0,1.0,1.0,237647
BT0197,ok,,27.0,21.0,30.0,124.0,145.0,15.5,False,1.0,1.0,1.0,1.0,5873
BT0199,ok,,47.0,79.0,57.0,133.0,118.0,109.0,False,1.0,1.0,1.0,1.0,88586
BT0204,ok,,6.0,4.0,11.0,124.5,139.5,111.0,False,1.0,1.0,1.0,1.0,94
BT0205,ok,,33.0,39.0,41.0,90.0,134.0,72.0,False,1.0,1.0,1.0,1.0,13098
BT0206,ok,,53.0,52.0,52.0,160.0,160.5,84.5,False,1.0,1.0,1.0,1.0,49431
BT0210,ok,,59.0,65.0,59.0,152.0,173.0,65.0,False,1.0,1.0,2.0,1.0,80070
BT0211,ok,,46.0,64.0,51.0,94.5,165.5,101.0,False,1.0,1.0,1.0,1.0,63852
BT0212,ok,,55.0,70.0,62.0,149.0,105.5,97.5,False,1.0,1.0,11.0,0.9831,87361
BT0213,ok,,66.0,105.0,83.0,152.5,138.0,78.0,False,0.9997,1.0,1.0,1.0,182270
BT0216,ok,,65.0,97.0,57.0,135.0,141.0,83.0,False,0.9999,1.0,6.0,0.9941,95910
BT0219,ok,,68.0,93.0,74.0,81.5,127.0,59.5,False,1.0,1.0,1.0,1.0,163527
BT0220,ok,,28.0,46.0,42.0,103.5,183.5,93.5,False,1.0,1.0,1.0,1.0,26094
BT0221,ok,,64.0,57.0,54.0,98.5,86.0,75.5,False,1.0,1.0,4.0,0.9993,65766
BT0222,ok,,58.0,110.0,67.0,153.5,137.5,63.0,False,1.0,1.0,2.0,0.9995,154337
BT0223,ok,,42.0,39.0,44.0,132.5,136.0,62.5,False,1.0,1.0,2.0,0.9987,28410
BT0224,ok,,30.0,52.0,50.0,164.5,152.5,91.5,False,0.9998,1.0,1.0,1.0,31413
BT0225,ok,,39.0,48.0,47.0,136.0,140.5,95.0,False,1.0,1.0,1.0,1.0,20866
BT0226,ok,,53.0,61.0,48.0,156.0,134.0,88.5,False,1.0,1.0,1.0,1.0,50747
BT0227,ok,,42.0,47.0,47.0,91.5,65.0,85.0,False,1.0,1.0,1.0,1.0,39953
BT0228,ok,,71.0,75.0,63.0,100.0,107.0,102.0,False,1.0,1.0,1.0,1.0,121316
BT0233,ok,,51.0,58.0,54.0,144.0,111.5,64.5,False,1.0,1.0,2.0,1.0,51665
BT0236,ok,,88.0,98.0,77.0,104.5,113.5,94.0,False,1.0,1.0,1.0,1.0,193153
BT0237,ok,,68.0,75.0,81.0,85.5,148.0,88.0,False,1.0,1.0,1.0,1.0,130581
BT0240,ok,,71.0,108.0,68.0,98.0,103.5,100.5,False,0.9999,1.0,1.0,1.0,191669
BT0242,ok,,39.0,52.0,66.0,144.0,153.5,94.5,False,1.0,1.0,1.0,1.0,41361
BT0243,ok,,41.0,94.0,79.0,154.0,153.5,70.0,False,1.0,0.9988,12.0,0.5573,37716
BT0244,ok,,27.0,48.0,41.0,131.0,151.5,113.0,False,1.0,1.0,1.0,1.0,25843
BT0246,ok,,53.0,48.0,49.0,87.0,104.5,60.0,False,1.0,1.0,2.0,0.9999,34534
BT0248,ok,,50.0,57.0,54.0,93.5,141.0,78.5,False,1.0,1.0,5.0,0.998,30884
BT0250,ok,,98.0,113.0,92.0,131.5,149.0,97.5,False,1.0,0.9953,3.0,0.9952,238450
BT0251,ok,,55.0,83.0,61.0,137.0,81.0,78.0,False,1.0,1.0,1.0,1.0,92913
BT0252,ok,,29.0,47.0,48.0,108.0,135.0,108.5,False,1.0,1.0,1.0,1.0,29539
BT0254,ok,,64.0,84.0,72.0,148.5,126.5,99.5,False,1.0,1.0,4.0,0.6544,34380
BT0255,ok,,49.0,56.0,55.0,157.0,129.5,100.0,False,1.0,1.0,1.0,1.0,58304
BT0258,ok,,26.0,48.0,43.0,131.5,163.5,109.0,False,1.0,1.0,1.0,1.0,18033
BT0261,ok,,46.0,67.0,64.0,80.5,118.0,91.5,False,1.0,1.0,1.0,1.0,63058
BT0262,ok,,34.0,33.0,29.0,152.5,85.0,105.0,False,0.9996,1.0,1.0,1.0,12350
BT0268,ok,,27.0,66.0,47.0,147.0,120.5,70.0,False,1.0,1.0,13.0,0.5459,4832
BT0269,ok,,70.0,86.0,78.0,148.5,150.5,86.5,False,1.0,1.0,1.0,1.0,201377
BT0270,ok,,76.0,91.0,78.0,100.5,104.0,68.5,False,1.0,1.0,1.0,1.0,183067
BT0273,ok,,42.0,57.0,48.0,110.5,85.0,104.5,False,1.0,1.0,2.0,1.0,36820
BT0275,ok,,35.0,78.0,73.0,109.0,98.5,95.0,False,1.0,1.0,1.0,1.0,53059
BT0276,ok,,42.0,69.0,55.0,87.5,114.0,48.0,False,1.0,1.0,1.0,1.0,44665
BT0277,ok,,54.0,94.0,60.0,153.5,152.5,62.5,False,1.0,1.0,1.0,1.0,97723
BT0280,ok,,19.0,39.0,28.0,62.0,132.0,80.5,False,1.0,1.0,1.0,1.0,7640
BT0281,ok,,59.0,86.0,77.0,83.0,122.5,90.0,False,1.0,1.0,1.0,1.0,147377
BT0282,ok,,35.0,46.0,48.0,88.0,109.5,59.5,False,1.0,1.0,1.0,1.0,25353
BT0283,ok,,31.0,38.0,45.0,142.0,189.5,83.0,False,1.0,1.0,2.0,0.9982,11065
BT0285,ok,,48.0,45.0,43.0,83.5,133.0,112.0,False,0.9999,1.0,1.0,1.0,38440
BT0287,ok,,34.0,73.0,43.0,144.5,133.0,54.0,False,1.0,1.0,19.0,0.999,21527
BT0289,ok,,72.0,57.0,103.0,102.5,124.0,51.0,False,1.0,1.0,3.0,0.5035,43327
BT0291,ok,,47.0,53.0,57.0,160.0,139.0,96.0,False,1.0,1.0,3.0,0.9983,38064
BT0292,ok,,66.0,78.0,67.0,135.5,91.5,90.0,False,1.0,1.0,2.0,0.9999,100140
BT0294,ok,,51.0,71.0,70.0,156.0,155.0,77.5,False,1.0,1.0,1.0,1.0,91837
BT0295,ok,,29.0,52.0,34.0,108.0,121.5,117.5,False,1.0,1.0,1.0,1.0,17792
BT0296,ok,,63.0,95.0,57.0,146.0,130.0,96.0,False,1.0,1.0,3.0,0.9999,68683
BT0299,ok,,49.0,66.0,44.0,74.0,123.5,67.5,False,1.0,1.0,1.0,1.0,50987
BT0300,ok,,77.0,72.0,79.0,131.0,122.5,95.0,False,1.0,1.0,2.0,0.9998,77542
BT0301,ok,,54.0,116.0,67.0,95.5,121.5,64.0,False,1.0,1.0,6.0,0.9998,77640
BT0305,ok,,54.0,102.0,82.0,152.5,156.5,73.5,False,1.0,1.0,1.0,1.0,162832
BT0306,ok,,34.0,74.0,45.0,158.5,158.5,97.0,False,1.0,1.0,1.0,1.0,28171
BT0307,ok,,95.0,102.0,94.0,106.0,107.5,83.5,False,0.9998,1.0,1.0,1.0,227027
BT0308,ok,,66.0,71.0,85.0,83.5,172.0,81.0,False,1.0,1.0,3.0,0.9998,140953
BT0310,ok,,77.0,88.0,73.0,103.0,103.5,102.0,False,1.0,1.0,1.0,1.0,164123
BT0311,ok,,71.0,88.0,90.0,100.0,110.5,74.5,False,1.0,1.0,1.0,1.0,169037
BT0312,ok,,48.0,60.0,52.0,93.5,118.5,54.5,False,1.0,1.0,1.0,1.0,57485
BT0315,ok,,67.0,89.0,72.0,151.0,145.0,58.5,False,1.0,1.0,2.0,1.0,180791
BT0318,ok,,77.0,73.0,69.0,124.0,142.0,70.0,False,1.0,1.0,5.0,0.9621,85795
BT0319,ok,,46.0,65.0,45.0,158.5,168.0,60.0,False,1.0,1.0,1.0,1.0,41470
BT0320,ok,,83.0,106.0,76.0,132.0,117.5,106.5,False,1.0,1.0,2.0,0.9999,197565
BT0323,ok,,65.0,48.0,47.0,117.0,158.5,75.0,False,1.0,1.0,1.0,1.0,42856
BT0324,ok,,50.0,63.0,51.0,152.5,114.0,50.0,False,1.0,1.0,1.0,1.0,49324
BT0325,ok,,65.0,106.0,57.0,94.0,115.5,95.0,False,1.0,1.0,4.0,0.9611,57563
BT0327,ok,,99.0,68.0,79.0,118.0,163.5,92.0,False,1.0,1.0,1.0,1.0,87049
BT0330,ok,,30.0,29.0,23.0,90.5,116.0,42.0,False,1.0,1.0,3.0,0.7291,1827
BT0333,ok,,51.0,64.0,35.0,85.0,118.5,55.0,False,1.0,1.0,2.0,0.9996,38451
BT0336,ok,,37.0,41.0,43.0,157.0,89.0,81.0,False,1.0,1.0,1.0,1.0,27399
BT0338,ok,,31.0,51.0,23.0,141.0,132.0,60.0,False,1.0,1.0,3.0,0.9973,14346
BT0339,ok,,60.0,73.0,64.0,144.5,159.0,98.5,False,1.0,1.0,1.0,1.0,108929
BT0342,ok,,35.0,55.0,36.0,152.0,149.0,71.5,False,1.0,1.0,1.0,1.0,21266
BT0345,ok,,51.0,80.0,58.0,157.0,125.5,59.5,False,1.0,1.0,1.0,1.0,88481
BT0347,ok,,21.0,52.0,42.0,128.0,156.5,85.5,False,1.0,1.0,1.0,1.0,14768
BT0348,ok,,79.0,95.0,79.0,102.0,109.0,88.0,False,1.0,1.0,1.0,1.0,199491
BT0351,ok,,39.0,70.0,44.0,92.0,115.5,41.5,False,1.0,1.0,1.0,1.0,27096
BT0358,ok,,75.0,69.0,68.0,141.0,97.0,91.5,False,1.0,1.0,1.0,1.0,100559
BT0359,ok,,51.0,66.0,37.0,133.0,130.5,79.0,False,1.0,1.0,4.0,0.927,23835
BT0360,ok,,48.0,75.0,56.0,158.5,146.0,76.5,False,1.0,1.0,1.0,1.0,77981
BT0361,ok,,45.0,61.0,60.0,160.0,149.0,92.5,False,1.0,1.0,1.0,1.0,73401
BT0363,ok,,41.0,73.0,48.0,79.0,137.0,102.5,False,1.0,1.0,5.0,0.6444,16963
BT0364,ok,,26.0,41.0,40.0,103.5,141.0,116.5,False,1.0,1.0,1.0,1.0,16434
BT0365,ok,,44.0,39.0,45.0,142.5,132.0,70.0,False,1.0,1.0,1.0,1.0,24652
BT0367,ok,,40.0,67.0,45.0,144.5,92.0,66.0,False,1.0,1.0,1.0,1.0,37661
BT0368,ok,,57.0,81.0,72.0,90.0,126.0,93.5,False,1.0,1.0,1.0,1.0,96141
BT0373,ok,,48.0,48.0,46.0,121.5,128.5,96.5,False,1.0,1.0,1.0,1.0,40422
BT0374,ok,,44.0,51.0,52.0,161.5,167.0,88.5,False,1.0,1.0,1.0,1.0,54163
BT0376,ok,,48.0,62.0,61.0,136.5,146.5,30.0,False,1.0,1.0,3.0,0.9986,44436
BT0377,ok,,60.0,61.0,65.0,151.5,97.0,59.0,False,1.0,1.0,1.0,1.0,76103
BT0378,ok,,45.0,49.0,48.0,100.0,107.0,106.5,False,1.0,1.0,1.0,1.0,38608
BT0384,ok,,27.0,50.0,36.0,170.0,122.5,52.5,False,1.0,1.0,5.0,0.9988,16515
BT0385,ok,,51.0,69.0,65.0,152.0,172.0,74.0,False,1.0,1.0,1.0,1.0,75954
BT0387,ok,,70.0,93.0,77.0,150.5,146.0,92.0,False,0.9999,1.0,1.0,1.0,153032
BT0394,ok,,61.0,95.0,67.0,148.0,131.0,59.0,False,1.0,0.9699,4.0,0.9698,107592
BT0397,ok,,38.0,37.0,35.0,157.5,115.0,106.0,False,1.0,1.0,1.0,1.0,20138
BT0398,ok,,45.0,66.0,64.0,157.0,138.5,83.5,False,1.0,1.0,2.0,0.9918,86838
BT0399,ok,,66.0,102.0,61.0,147.5,138.5,67.0,False,1.0,1.0,1.0,1.0,156296
BT0400,ok,,61.0,118.0,79.0,87.0,140.5,77.0,False,1.0,0.9914,9.0,0.9028,83078
BT0405,ok,,55.0,75.0,50.0,97.0,84.0,89.5,False,1.0,1.0,1.0,1.0,50472
BT0406,ok,,53.0,76.0,66.0,92.0,86.5,91.5,False,1.0,1.0,1.0,1.0,95881
BT0407,ok,,61.0,127.0,79.0,111.0,128.0,97.0,False,1.0,1.0,1.0,1.0,168477
BT0408,ok,,70.0,119.0,79.0,85.5,135.0,71.0,False,1.0,1.0,1.0,1.0,184915
BT0411,ok,,69.0,65.0,61.0,134.0,111.0,91.0,False,1.0,1.0,2.0,1.0,62565
BT0412,ok,,59.0,82.0,57.0,160.0,124.5,50.0,False,1.0,1.0,2.0,0.9996,116556
BT0414,ok,,52.0,78.0,48.0,136.5,158.5,72.5,False,1.0,1.0,7.0,0.9985,36389
BT0416,ok,,61.0,87.0,69.0,87.0,134.0,91.0,False,1.0,1.0,2.0,1.0,128588
BT0421,ok,,36.0,37.0,41.0,106.5,137.0,37.0,False,1.0,1.0,1.0,1.0,17122
BT0422,ok,,81.0,112.0,72.0,101.0,98.5,91.5,False,0.9998,1.0,1.0,1.0,182968
BT0424,ok,,65.0,69.0,47.0,117.0,139.0,91.0,False,1.0,1.0,2.0,1.0,47126
BT0425,ok,,59.0,85.0,66.0,96.0,101.0,66.5,False,1.0,1.0,7.0,0.9998,110210
BT0426,ok,,93.0,74.0,60.0,109.0,165.5,81.5,False,1.0,1.0,1.0,1.0,103498
BT0427,ok,,38.0,51.0,48.0,140.5,120.0,89.5,False,1.0,1.0,1.0,1.0,34529
BT0431,ok,,41.0,52.0,42.0,151.0,97.5,106.5,False,0.9997,1.0,1.0,1.0,38617
BT0432,ok,,30.0,47.0,41.0,69.5,151.0,61.0,False,1.0,1.0,1.0,1.0,22159
BT0436,ok,,67.0,66.0,58.0,93.0,117.5,63.5,False,1.0,1.0,1.0,1.0,96911
BT0438,ok,,46.0,50.0,54.0,160.5,165.5,85.5,False,1.0,1.0,1.0,1.0,43544
BT0444,ok,,72.0,110.0,64.0,129.5,107.5,75.5,False,1.0,1.0,1.0,1.0,121050
BT0448,ok,,112.0,121.0,85.0,122.5,133.0,93.0,False,1.0,1.0,2.0,0.8178,232329
BT0450,ok,,52.0,90.0,49.0,157.5,137.5,56.0,False,1.0,1.0,1.0,1.0,73866
BT0452,ok,,66.0,81.0,64.0,80.5,126.0,64.5,False,1.0,1.0,1.0,1.0,140941
BT0456,ok,,48.0,38.0,33.0,95.5,151.5,43.0,False,1.0,1.0,2.0,0.9995,18374
BT0460,ok,,36.0,47.0,47.0,101.5,119.0,110.0,False,1.0,1.0,1.0,1.0,39059
BT0461,ok,,60.0,87.0,84.0,90.5,159.0,89.5,False,1.0,1.0,1.0,1.0,149224
BT0462,ok,,62.0,58.0,58.0,133.5,133.5,72.5,False,1.0,1.0,5.0,0.9979,80468
BT0463,ok,,53.0,53.0,56.0,93.0,105.0,51.5,False,1.0,1.0,2.0,0.9994,48191
BT0465,ok,,62.0,132.0,63.0,88.5,135.5,66.0,True,1.0,0.9994,7.0,0.9994,146520
BT0466,ok,,71.0,83.0,69.0,107.0,123.0,58.0,False,1.0,1.0,1.0,1.0,79395
BT0468,ok,,59.0,81.0,61.0,81.0,127.0,64.0,False,1.0,0.9998,8.0,0.9998,128027
BT0469,ok,,40.0,67.0,46.0,86.5,135.0,71.5,False,1.0,1.0,1.0,1.0,35240
BT0472,ok,,35.0,42.0,38.0,95.0,128.5,115.5,False,1.0,0.9976,2.0,0.9976,24979
BT0474,ok,,53.0,92.0,66.0,155.0,145.5,81.5,False,1.0,1.0,1.0,1.0,96765
BT0476,ok,,56.0,106.0,58.0,160.5,130.5,66.5,False,1.0,1.0,3.0,0.9999,137798
BT0479,ok,,50.0,65.0,42.0,93.5,146.0,110.5,False,1.0,1.0,1.0,1.0,31879
BT0482,ok,,28.0,29.0,34.0,166.5,131.0,93.5,False,1.0,1.0,1.0,1.0,12303
BT0484,ok,,56.0,64.0,48.0,85.5,118.5,50.5,False,1.0,1.0,3.0,0.9998,59549
BT0486,ok,,45.0,65.0,53.0,75.0,150.0,92.0,False,0.9999,1.0,2.0,0.9942,62920
BT0488,ok,,31.0,48.0,40.0,81.0,119.5,68.5,False,1.0,1.0,1.0,1.0,22299
BT0489,ok,,62.0,85.0,66.0,87.5,126.0,63.5,False,1.0,1.0,1.0,1.0,149113
BT0490,ok,,35.0,31.0,39.0,102.0,62.0,96.0,False,1.0,1.0,1.0,1.0,19132
BT0491,ok,,54.0,99.0,73.0,146.5,122.0,105.0,False,1.0,1.0,1.0,1.0,126379
BT0498,ok,,64.0,107.0,72.0,116.5,122.0,83.5,False,1.0,1.0,9.0,0.9276,42830
BT0501,ok,,54.0,68.0,60.0,86.5,123.5,96.5,False,1.0,1.0,1.0,1.0,82195
BT0502,ok,,112.0,138.0,88.0,121.5,135.5,91.5,True,1.0,0.9976,1.0,1.0,273876
BT0507,ok,,56.0,90.0,69.0,150.5,151.5,52.0,False,1.0,1.0,2.0,1.0,110207
BT0515,ok,,15.0,17.0,11.0,110.0,123.0,99.0,False,1.0,1.0,1.0,1.0,1037
BT0521,ok,,56.0,78.0,44.0,113.5,101.5,94.5,False,1.0,1.0,1.0,1.0,27824
BT0525,ok,,69.0,103.0,68.0,99.0,113.0,106.5,False,0.9991,1.0,2.0,1.0,149848
BT0533,ok,,86.0,118.0,90.0,134.5,100.5,83.5,False,0.9999,1.0,1.0,1.0,293865
BT0537,ok,,79.0,40.0,49.0,102.0,196.5,60.0,False,1.0,1.0,4.0,0.4733,3072
BT0540,ok,,73.0,108.0,75.0,88.0,121.5,90.0,False,1.0,1.0,1.0,1.0,227892
BT0600,ok,,23.0,33.0,32.0,65.0,105.0,83.5,False,1.0,1.0,1.0,1.0,8751
BT0602,ok,,63.0,103.0,68.0,143.0,102.0,100.5,False,1.0,1.0,1.0,1.0,160009
BT0605,ok,,60.0,73.0,71.0,151.5,84.0,76.0,False,1.0,1.0,2.0,0.9997,70534
BT0606,ok,,56.0,68.0,81.0,91.5,161.5,96.0,False,1.0,1.0,1.0,1.0,106616
BT0607,ok,,50.0,80.0,68.0,96.5,158.5,101.5,False,1.0,1.0,1.0,1.0,103177
BT0610,ok,,19.0,31.0,28.0,167.0,125.0,90.5,False,1.0,1.0,1.0,1.0,6926
BT0611,ok,,61.0,65.0,50.0,133.0,86.0,84.5,False,1.0,1.0,1.0,1.0,78939
BT0612,ok,,47.0,52.0,51.0,137.0,169.5,104.0,False,0.9999,1.0,1.0,1.0,46595
BT0614,ok,,67.0,70.0,60.0,119.0,85.5,73.5,False,1.0,1.0,3.0,0.9981,65852
BT0616,ok,,44.0,45.0,46.0,91.5,161.0,108.5,False,1.0,1.0,1.0,1.0,37217
BT0617,ok,,99.0,96.0,80.0,98.0,121.5,62.5,False,1.0,1.0,2.0,1.0,228795
BT0618,ok,,90.0,105.0,89.0,127.5,149.0,70.0,False,1.0,1.0,7.0,0.9997,173398
BT0619,ok,,87.0,101.0,67.0,122.0,107.0,83.0,False,1.0,1.0,5.0,0.9538,119711
BT0621,ok,,65.0,84.0,72.0,86.0,157.5,93.5,False,1.0,1.0,1.0,1.0,150915
BT0622,ok,,43.0,42.0,49.0,107.0,133.5,57.0,False,1.0,1.0,2.0,1.0,25629
BT0623,ok,,81.0,86.0,79.0,143.0,110.5,89.0,False,0.9999,1.0,1.0,1.0,209530
BT0624,ok,,74.0,90.0,75.0,93.5,126.5,71.0,False,1.0,1.0,1.0,1.0,191011
BT0625,ok,,66.0,84.0,77.0,90.5,146.5,93.0,False,0.9999,1.0,1.0,1.0,143954
BT0626,ok,,68.0,103.0,64.0,143.5,129.0,63.5,False,1.0,1.0,1.0,1.0,141319
BT0629,ok,,63.0,93.0,73.0,86.0,134.0,66.0,False,1.0,1.0,1.0,1.0,159650
BT0630,ok,,59.0,59.0,55.0,139.0,159.0,35.0,False,1.0,1.0,1.0,1.0,59447
BT0631,ok,,51.0,64.0,75.0,94.0,106.5,69.0,False,1.0,1.0,2.0,1.0,57681
BT0632,ok,,60.0,85.0,65.0,80.5,131.0,69.0,False,1.0,1.0,1.0,1.0,128221
BT0633,ok,,81.0,48.0,68.0,116.0,161.5,77.5,False,1.0,1.0,2.0,0.6069,25161
BT0635,ok,,73.0,64.0,91.0,148.0,185.5,58.0,False,1.0,0.9557,15.0,0.8184,34973
BT0636,ok,,31.0,40.0,24.0,71.0,136.5,59.5,False,1.0,1.0,1.0,1.0,10496
BT0637,ok,,81.0,47.0,43.0,98.0,145.0,88.0,False,1.0,1.0,3.0,0.4997,35215
BT0638,ok,,62.0,109.0,79.0,156.5,132.0,67.0,False,1.0,1.0,5.0,0.9936,138687
BT0639,ok,,37.0,49.0,49.0,142.0,185.0,59.0,False,1.0,1.0,1.0,1.0,13534
BT0642,ok,,58.0,75.0,61.0,92.5,116.0,57.0,False,1.0,1.0,1.0,1.0,84718
BT0643,ok,,45.0,55.0,47.0,136.0,70.0,78.0,False,1.0,1.0,1.0,1.0,51631
BT0645,ok,,50.0,68.0,66.0,153.5,160.5,88.5,False,1.0,1.0,1.0,1.0,72772
BT0646,ok,,23.0,26.0,20.0,166.0,119.5,43.5,False,1.0,1.0,1.0,1.0,5627
BT0647,ok,,46.0,47.0,59.0,92.5,173.0,75.0,False,1.0,1.0,1.0,1.0,43373
BT0649,ok,,68.0,89.0,71.0,90.5,132.0,64.0,False,0.999,1.0,1.0,1.0,146895
BT0652,ok,,38.0,53.0,47.0,165.5,115.0,48.0,False,1.0,1.0,1.0,1.0,29222
BT0653,ok,,53.0,90.0,72.0,151.0,166.5,73.5,False,1.0,1.0,9.0,0.9733,58205
BT0655,ok,,71.0,83.0,84.0,138.0,97.0,86.5,False,0.9998,1.0,1.0,1.0,159985
BT0656,ok,,56.0,71.0,69.0,152.5,166.0,84.0,False,0.9998,1.0,1.0,1.0,100880
BT0657,ok,,46.0,40.0,44.0,96.5,150.5,30.5,False,1.0,1.0,1.0,1.0,28083
BT0660,ok,,44.0,51.0,41.0,145.5,108.0,110.0,False,1.0,1.0,1.0,1.0,30118
BT0661,ok,,37.0,63.0,42.0,92.0,122.0,51.5,False,1.0,1.0,1.0,1.0,28854
BT0663,ok,,66.0,103.0,69.0,99.5,103.0,106.0,False,1.0,1.0,9.0,0.9986,172456
BT0667,ok,,51.0,78.0,63.0,153.0,109.5,90.0,False,1.0,1.0,1.0,1.0,94546
BT0669,ok,,55.0,60.0,63.0,148.0,116.5,85.0,False,1.0,1.0,1.0,1.0,81468
BT0670,ok,,51.0,87.0,57.0,113.0,148.0,108.0,False,1.0,1.0,1.0,1.0,60988
BT0671,ok,,48.0,60.0,64.0,91.5,173.5,74.5,False,1.0,1.0,1.0,1.0,75521
BT0672,ok,,69.0,91.0,72.0,86.0,124.0,60.5,False,1.0,1.0,1.0,1.0,163179
BT0675,ok,,51.0,69.0,54.0,149.0,118.0,55.5,False,1.0,1.0,13.0,0.8268,33342
BT0676,ok,,33.0,32.0,34.0,93.0,96.5,65.5,False,1.0,1.0,1.0,1.0,11489
BT0678,ok,,44.0,46.0,52.0,127.5,139.5,34.5,False,1.0,1.0,4.0,0.9768,35129
BT0679,ok,,53.0,62.0,57.0,80.0,111.5,87.0,False,1.0,1.0,2.0,1.0,70407
BT0680,ok,,48.0,70.0,59.0,157.5,128.5,89.0,False,1.0,1.0,1.0,1.0,85531
BT0681,ok,,61.0,43.0,47.0,118.0,135.0,65.0,False,1.0,1.0,2.0,0.9976,25216
BT0686,ok,,106.0,89.0,80.0,102.5,124.0,92.5,False,1.0,1.0,1.0,1.0,113555
BT0687,ok,,56.0,69.0,59.0,97.5,93.0,94.0,False,0.9997,1.0,1.0,1.0,92766
BT0688,ok,,76.0,92.0,73.0,85.5,122.5,64.0,False,1.0,1.0,2.0,1.0,202627
BT0690,ok,,45.0,58.0,73.0,93.0,115.5,65.0,False,1.0,1.0,3.0,0.9992,34162
BT0692,ok,,63.0,65.0,73.0,106.0,84.0,88.0,False,0.9991,1.0,9.0,0.9975,105920
BT0694,ok,,43.0,64.0,48.0,162.0,119.5,52.5,False,1.0,1.0,2.0,0.9993,44238
BT0695,ok,,35.0,68.0,70.0,129.0,153.5,96.5,False,1.0,1.0,2.0,1.0,48301
BT0697,ok,,63.0,91.0,81.0,100.0,93.0,93.0,False,1.0,1.0,1.0,1.0,168720
BT0700,ok,,50.0,72.0,60.0,83.5,119.5,59.5,False,1.0,1.0,1.0,1.0,82400
BT0704,ok,,57.0,87.0,71.0,88.0,163.0,66.0,False,1.0,1.0,1.0,1.0,108560
BT0707,ok,,38.0,42.0,48.0,76.5,127.5,96.5,False,1.0,1.0,1.0,1.0,24527
BT0709,ok,,40.0,39.0,43.0,79.5,118.0,98.0,False,0.9996,1.0,1.0,1.0,26448
BT0712,ok,,27.0,24.0,28.0,84.0,122.5,110.5,False,0.9993,1.0,1.0,1.0,7412
BT0713,ok,,44.0,60.0,56.0,105.5,135.5,96.5,False,1.0,1.0,1.0,1.0,51868
BT0716,ok,,42.0,52.0,41.0,126.5,121.5,80.0,False,1.0,1.0,3.0,0.9693,19375
BT0717,ok,,96.0,100.0,67.0,127.5,119.5,90.0,False,1.0,1.0,7.0,0.8096,27007
BT0719,ok,,72.0,118.0,91.0,93.5,103.5,81.0,False,1.0,1.0,1.0,1.0,229547
BT0721,ok,,86.0,110.0,96.0,143.5,145.5,77.5,False,1.0,1.0,1.0,1.0,161895
BT0722,ok,,37.0,49.0,45.0,138.0,154.0,109.0,False,0.9997,1.0,1.0,1.0,30664
BT0725,ok,,33.0,39.0,36.0,137.0,146.0,118.5,False,1.0,1.0,1.0,1.0,19654
BT0726,ok,,63.0,86.0,53.0,151.0,124.5,86.0,False,1.0,1.0,1.0,1.0,103730
BT0728,ok,,45.0,46.0,56.0,95.0,176.5,89.5,False,1.0,1.0,1.0,1.0,40881
BT0729,ok,,65.0,85.0,80.0,83.0,164.0,83.5,False,1.0,1.0,1.0,1.0,164319
BT0732,ok,,38.0,71.0,26.0,165.5,151.0,45.5,False,1.0,1.0,2.0,0.9999,23372
BT0733,ok,,49.0,56.0,72.0,132.0,162.5,80.5,False,1.0,1.0,1.0,1.0,55597
BT0734,ok,,43.0,69.0,57.0,165.0,144.0,54.0,False,1.0,1.0,1.0,1.0,71119
BT0735,ok,,47.0,66.0,63.0,86.0,83.5,91.0,False,1.0,1.0,1.0,1.0,82797
BT0737,ok,,52.0,65.0,56.0,96.5,88.0,97.5,False,1.0,1.0,4.0,0.9994,50410
BT0738,ok,,54.0,65.0,74.0,139.5,163.0,83.5,False,1.0,1.0,5.0,0.9958,57836
BT0740,ok,,86.0,80.0,73.0,133.5,163.5,81.0,False,1.0,1.0,1.0,1.0,120067
BT0741,ok,,31.0,23.0,43.0,110.0,132.0,48.0,False,1.0,1.0,1.0,1.0,9057
BT0742,ok,,68.0,97.0,57.0,136.5,147.0,73.0,False,1.0,1.0,3.0,0.8886,73514
BT0743,ok,,87.0,109.0,84.0,97.0,117.0,90.5,False,1.0,1.0,5.0,0.9976,180145
BT0747,ok,,24.0,54.0,31.0,142.5,128.5,46.0,False,1.0,1.0,1.0,1.0,8981
BT0748,ok,,35.0,64.0,96.0,136.0,148.5,90.5,False,1.0,1.0,19.0,0.8375,16472
BT0749,ok,,87.0,106.0,105.0,137.0,140.5,67.0,False,1.0,1.0,1.0,1.0,276273
BT0750,ok,,62.0,81.0,77.0,150.5,162.0,87.0,False,1.0,1.0,2.0,0.9997,119631
BT0751,ok,,58.0,78.0,62.0,99.5,93.5,82.5,False,1.0,1.0,2.0,1.0,108289
BT0752,ok,,36.0,52.0,47.0,133.5,130.5,110.0,False,1.0,1.0,1.0,1.0,44316
BT0753,ok,,41.0,62.0,58.0,136.0,170.5,103.5,False,1.0,1.0,1.0,1.0,53053
BT0754,ok,,57.0,93.0,67.0,153.0,132.0,56.0,False,1.0,1.0,1.0,1.0,136954
BT0756,ok,,70.0,120.0,81.0,88.5,133.5,67.0,False,1.0,1.0,1.0,1.0,187175
BT0757,ok,,55.0,88.0,54.0,155.0,152.5,61.5,False,1.0,1.0,7.0,0.996,37132
BT0759,ok,,74.0,73.0,53.0,121.5,89.0,86.0,False,1.0,1.0,1.0,1.0,110381
BT0762,ok,,71.0,110.0,86.0,87.0,132.5,74.5,False,0.9995,1.0,1.0,1.0,227021
BT0764,ok,,45.0,49.0,45.0,154.0,112.0,60.0,False,1.0,1.0,5.0,0.9973,19191
BT0765,ok,,43.0,79.0,58.0,116.0,134.0,104.5,False,1.0,1.0,1.0,1.0,54289
BT0766,ok,,24.0,23.0,29.0,72.5,126.0,93.0,False,1.0,1.0,1.0,1.0,7102
BT0767,ok,,49.0,72.0,53.0,82.0,133.5,57.0,False,1.0,1.0,1.0,1.0,56728
BT0768,ok,,46.0,60.0,76.0,142.5,161.5,82.5,False,1.0,1.0,2.0,1.0,76988
BT0769,ok,,67.0,95.0,75.0,100.0,111.0,73.0,False,1.0,1.0,3.0,0.9999,163485
BT0770,ok,,65.0,72.0,64.0,138.0,98.5,74.5,False,1.0,1.0,1.0,1.0,72087
BT0772,ok,,49.0,65.0,56.0,137.0,98.0,98.5,False,1.0,1.0,1.0,1.0,52113
BT0773,ok,,52.0,62.0,62.0,155.5,167.5,84.5,False,1.0,1.0,1.0,1.0,76285
BT0777,ok,,56.0,103.0,69.0,76.5,131.0,62.0,False,1.0,1.0,5.0,0.6722,29579
BT0781,ok,,38.0,45.0,53.0,96.5,180.0,86.0,False,1.0,1.0,1.0,1.0,37779
BT0782,ok,,54.0,72.0,53.0,145.5,114.5,54.0,False,1.0,1.0,2.0,1.0,52189
BT0783,ok,,61.0,56.0,72.0,153.0,150.5,95.5,False,1.0,1.0,1.0,1.0,95186
BT0784,ok,,22.0,46.0,38.0,129.5,119.5,115.5,False,1.0,1.0,3.0,0.9997,9152
BT0785,ok,,63.0,94.0,91.0,84.0,150.5,83.0,False,0.9999,1.0,1.0,1.0,193898
BT0786,ok,,79.0,87.0,70.0,134.0,101.0,82.5,False,1.0,1.0,1.0,1.0,180868
BT0787,ok,,66.0,74.0,71.0,131.5,139.5,71.0,False,1.0,1.0,1.0,1.0,103103
BT0788,ok,,45.0,84.0,45.0,78.0,123.5,50.0,False,1.0,1.0,2.0,0.9947,47302
BT0790,ok,,28.0,39.0,26.0,98.5,149.0,52.5,False,1.0,1.0,1.0,1.0,10580
BT0791,ok,,66.0,83.0,96.0,148.5,136.0,89.5,False,1.0,1.0,2.0,0.9998,190341
BT0793,ok,,27.0,29.0,31.0,161.0,120.0,95.0,False,1.0,1.0,1.0,1.0,8460
BT0794,ok,,30.0,39.0,32.0,158.5,85.0,81.5,False,1.0,1.0,1.0,1.0,17164
BT0796,ok,,21.0,35.0,25.0,170.0,114.0,56.0,False,1.0,1.0,1.0,1.0,6180
BT0801,ok,,21.0,22.0,15.0,161.0,153.5,80.0,False,1.0,1.0,4.0,0.9721,1360
BT0802,ok,,77.0,96.0,72.0,89.0,112.5,66.5,False,1.0,1.0,5.0,0.9792,143198
BT0804,ok,,20.0,40.0,34.0,110.5,152.5,114.5,False,1.0,1.0,1.0,1.0,10986
BT0805,ok,,71.0,101.0,85.0,89.0,155.0,83.0,False,1.0,1.0,1.0,1.0,235094
BT0807,ok,,59.0,77.0,64.0,148.0,151.0,94.5,False,1.0,1.0,1.0,1.0,79480
BT0809,ok,,33.0,44.0,39.0,106.0,136.5,123.0,False,1.0,1.0,6.0,0.9812,31391
BT0812,ok,,114.0,119.0,76.0,115.5,124.0,84.5,False,0.9999,1.0,2.0,0.5188,111286
BT0815,ok,,81.0,99.0,71.0,144.0,142.0,65.0,False,1.0,1.0,4.0,0.9997,197278
BT0817,ok,,36.0,55.0,54.0,104.5,88.0,97.5,False,1.0,1.0,2.0,0.9981,27731
BT0818,ok,,60.0,83.0,68.0,144.5,102.0,88.5,False,1.0,1.0,1.0,1.0,119166
BT0820,ok,,46.0,52.0,50.0,101.5,130.5,78.5,False,1.0,1.0,1.0,1.0,29513
BT0823,ok,,60.0,98.0,71.0,156.5,151.5,64.0,False,1.0,1.0,1.0,1.0,118725
BT0828,ok,,46.0,54.0,62.0,156.5,154.5,82.5,False,1.0,1.0,1.0,1.0,47290
BT0829,ok,,58.0,78.0,62.0,85.5,153.5,88.5,False,1.0,1.0,1.0,1.0,126871
BT0830,ok,,65.0,54.0,55.0,132.0,146.5,105.0,False,1.0,1.0,1.0,1.0,41948
BT0833,ok,,71.0,104.0,79.0,85.0,132.5,64.0,False,1.0,1.0,2.0,0.9997,164817
BT0835,ok,,75.0,85.0,73.0,89.0,127.0,71.0,False,1.0,1.0,2.0,0.9995,153096
BT0836,ok,,26.0,34.0,35.0,137.5,126.5,51.0,False,1.0,1.0,2.0,0.9993,6901
BT0837,ok,,71.0,93.0,70.0,85.0,134.0,66.5,False,1.0,1.0,1.0,1.0,154809
BT0840,ok,,60.0,42.0,44.0,119.5,156.5,76.5,False,1.0,1.0,2.0,1.0,40147
BT0841,ok,,69.0,77.0,56.0,135.0,113.0,107.5,False,1.0,1.0,2.0,0.9505,108166
BT0842,ok,,41.0,66.0,47.0,149.0,119.5,48.0,False,1.0,1.0,1.0,1.0,36445
BT0843,ok,,67.0,79.0,98.0,143.0,155.0,82.5,False,0.9999,1.0,6.0,0.9997,70544
BT0847,ok,,97.0,98.0,99.0,114.0,120.5,83.0,False,1.0,1.0,8.0,0.9248,153252
BT0848,ok,,6.0,6.0,5.0,91.5,76.5,78.0,False,1.0,1.0,1.0,1.0,38
BT0900,ok,,44.0,88.0,69.0,89.5,134.5,73.0,False,1.0,1.0,6.0,0.9878,78368
BT0904,ok,,73.0,118.0,81.0,147.0,157.5,69.0,False,1.0,1.0,7.0,0.9996,235117
BT0905,ok,,52.0,73.0,56.0,99.5,123.0,105.5,False,0.9999,1.0,4.0,0.9369,82333
BT0907,ok,,71.0,96.0,80.0,92.0,136.5,78.5,False,1.0,1.0,3.0,1.0,136393
BT0908,ok,,62.0,106.0,78.0,151.5,125.5,66.5,False,0.9998,1.0,1.0,1.0,138992
BT0912,ok,,57.0,82.0,70.0,148.0,167.5,78.5,False,1.0,1.0,1.0,1.0,130550
BT0914,ok,,61.0,98.0,83.0,89.0,120.5,67.0,False,1.0,1.0,1.0,1.0,153772
BT0915,ok,,32.0,37.0,40.0,138.5,176.0,108.5,False,0.9994,0.9903,6.0,0.9893,17944
BT0917,ok,,9.0,9.0,7.0,136.0,164.0,61.0,False,1.0,1.0,1.0,1.0,137
BT0919,ok,,35.0,36.0,21.0,168.0,137.5,80.0,False,1.0,1.0,2.0,0.9998,4193
BT0925,ok,,58.0,95.0,60.0,85.5,146.0,56.5,False,1.0,1.0,5.0,0.9974,85363
BT0926,failed,empty tumor segmentation,,,,,,,,,,,,
BT0928,ok,,71.0,120.0,88.0,101.0,138.5,89.5,False,1.0,1.0,10.0,0.992,148994
BT0929,ok,,26.0,37.0,23.0,100.5,155.0,67.0,False,1.0,1.0,2.0,0.8831,5226
BT0930,ok,,66.0,66.0,65.0,142.5,107.5,64.0,False,0.9999,1.0,2.0,1.0,84473
BT0931,ok,,82.0,100.0,77.0,95.5,95.5,102.0,False,1.0,1.0,1.0,1.0,208459
BT0932,ok,,74.0,94.0,71.0,130.5,156.5,83.0,False,1.0,1.0,1.0,1.0,126233
BT0944,ok,,32.0,52.0,38.0,165.5,116.5,56.5,False,1.0,1.0,2.0,0.9996,25915
BT0945,ok,,59.0,94.0,76.0,86.0,146.5,91.5,False,1.0,0.9998,7.0,0.9993,157938
BT0947,ok,,77.0,100.0,93.0,92.0,120.5,65.0,False,1.0,1.0,1.0,1.0,231440
BT0948,ok,,18.0,11.0,24.0,164.5,160.0,92.5,False,1.0,1.0,2.0,0.6575,870
BT0950,ok,,39.0,53.0,44.0,161.0,164.0,55.5,False,1.0,1.0,1.0,1.0,33639
BT0951,ok,,40.0,48.0,34.0,70.5,142.5,45.5,False,1.0,1.0,1.0,1.0,27644
BT0953,ok,,66.0,82.0,80.0,98.5,92.5,85.5,False,1.0,1.0,2.0,1.0,164283
BT0955,ok,,43.0,46.0,49.0,138.0,75.5,83.0,False,0.9998,0.9962,14.0,0.9889,38327
BT0957,ok,,61.0,90.0,65.0,147.0,100.5,60.0,False,1.0,1.0,9.0,0.969,78688
BT0958,ok,,45.0,51.0,48.0,91.0,81.0,97.5,False,1.0,1.0,1.0,1.0,42610
BT0959,ok,,57.0,97.0,65.0,100.0,96.0,108.0,False,1.0,1.0,1.0,1.0,135745
BT0960,ok,,78.0,107.0,79.0,135.5,107.0,86.0,False,1.0,1.0,27.0,0.9996,161371
BT0961,ok,,39.0,60.0,56.0,76.0,106.5,56.5,False,1.0,1.0,1.0,1.0,52930
BT0962,ok,,64.0,99.0,71.0,155.5,141.0,73.0,False,1.0,1.0,1.0,1.0,140007
BT0964,ok,,61.0,81.0,68.0,143.0,110.0,65.5,False,1.0,1.0,5.0,0.9987,80453
BT0965,ok,,41.0,72.0,46.0,146.0,123.5,51.5,False,1.0,0.9961,6.0,0.9939,45922
BT0969,ok,,34.0,60.0,57.0,102.5,155.5,108.0,False,1.0,0.9999,4.0,0.9996,56914
BT0970,ok,,76.0,98.0,80.0,145.5,124.5,66.5,False,1.0,1.0,3.0,0.9998,195938
BT0971,ok,,43.0,47.0,44.0,78.0,156.0,100.5,False,1.0,1.0,3.0,0.9997,36845
BT0972,ok,,43.0,46.0,42.0,92.0,115.5,69.5,False,1.0,1.0,1.0,1.0,26306
BT1000,ok,,58.0,66.0,47.0,120.5,122.5,73.0,False,1.0,1.0,6.0,0.9961,49451
BT1001,ok,,47.0,50.0,50.0,90.0,131.5,112.5,False,1.0,1.0,2.0,1.0,24399
BT1006,ok,,81.0,67.0,85.0,109.0,144.0,51.0,False,1.0,1.0,6.0,0.6177,53802
BT1009,ok,,91.0,60.0,48.0,127.0,134.5,100.5,False,1.0,1.0,2.0,0.8069,53446
BT1010,ok,,86.0,89.0,73.0,134.5,132.0,100.0,False,1.0,1.0,1.0,1.0,172987
BT1011,ok,,49.0,70.0,61.0,162.0,158.5,91.0,False,1.0,1.0,1.0,1.0,84423
BT1012,ok,,42.0,49.0,48.0,99.5,72.0,80.5,False,0.9999,1.0,1.0,1.0,42010
BT1015,ok,,51.0,51.0,60.0,142.0,110.0,51.5,False,1.0,1.0,4.0,0.9989,44389
BT1016,failed,empty tumor segmentation,,,,,,,,,,,,
BT1017,ok,,53.0,83.0,51.0,88.0,127.0,55.0,False,1.0,1.0,2.0,1.0,72422
BT1018,ok,,45.0,72.0,69.0,127.0,85.5,89.0,False,1.0,1.0,1.0,1.0,75196
BT1019,ok,,45.0,59.0,56.0,137.0,174.0,64.5,False,1.0,1.0,5.0,0.977,54818
BT1020,ok,,34.0,44.0,29.0,86.5,109.5,116.0,False,1.0,1.0,1.0,1.0,17910
BT1021,ok,,81.0,97.0,81.0,107.0,94.0,91.0,False,1.0,1.0,1.0,1.0,185380
BT1023,ok,,54.0,62.0,42.0,148.5,133.5,105.5,False,0.9996,1.0,1.0,1.0,51052
BT1025,ok,,97.0,107.0,74.0,136.0,120.0,65.5,False,1.0,1.0,10.0,0.9342,96637
BT1026,ok,,74.0,92.0,69.0,105.5,145.5,99.0,False,0.9999,0.9932,4.0,0.9626,113943
BT1027,ok,,67.0,57.0,58.0,118.0,148.0,96.5,False,1.0,1.0,2.0,0.9792,46769
BT1028,ok,,104.0,104.0,95.0,106.5,138.5,82.0,False,1.0,1.0,1.0,1.0,108978
BT1029,ok,,54.0,93.0,66.0,83.5,131.0,66.5,False,1.0,1.0,1.0,1.0,113804
BT1032,ok,,67.0,103.0,87.0,99.0,104.0,88.0,False,1.0,1.0,2.0,1.0,164881
BT1033,ok,,62.0,87.0,83.0,78.5,143.0,74.0,False,1.0,1.0,2.0,0.9997,144252
BT1034,ok,,23.0,32.0,28.0,64.0,110.5,60.5,False,1.0,1.0,1.0,1.0,7308
BT1035,ok,,80.0,78.0,67.0,122.5,154.5,80.0,False,1.0,1.0,1.0,1.0,100684
BT1036,ok,,41.0,46.0,44.0,132.0,128.5,92.5,False,1.0,1.0,1.0,1.0,18005
BT1037,ok,,56.0,109.0,77.0,89.5,117.0,76.0,False,1.0,1.0,1.0,1.0,163686
BT1038,ok,,56.0,65.0,56.0,105.5,112.0,54.5,False,1.0,1.0,1.0,1.0,47220
BT1039,ok,,108.0,100.0,97.0,121.5,108.5,89.0,False,0.9999,1.0,5.0,0.9999,219234
BT1041,ok,,74.0,83.0,64.0,124.5,121.0,81.5,False,1.0,0.9986,15.0,0.8075,50275
BT1042,ok,,92.0,72.0,70.0,128.5,164.5,72.5,False,0.9996,1.0,9.0,0.8446,91191
BT1046,ok,,44.0,37.0,43.0,113.5,141.0,68.0,False,1.0,1.0,1.0,1.0,13899
BT1048,ok,,73.0,116.0,83.0,132.0,108.5,91.0,False,1.0,1.0,5.0,0.9657,231219
BT1050,ok,,36.0,51.0,54.0,109.5,112.0,110.5,False,1.0,1.0,5.0,0.9997,35762
BT1051,ok,,61.0,71.0,74.0,89.0,105.0,71.5,False,1.0,1.0,2.0,0.9999,95424
BT1053,ok,,77.0,110.0,82.0,137.0,96.5,68.5,False,1.0,1.0,1.0,1.0,203763
BT1054,ok,,26.0,31.0,35.0,152.5,66.0,80.0,False,0.9985,0.9996,4.0,0.9984,10991
BT1056,ok,,57.0,77.0,72.0,81.0,144.0,89.5,False,0.9996,0.9973,22.0,0.9958,95552
BT1058,ok,,63.0,88.0,85.0,143.0,105.5,75.0,False,1.0,1.0,2.0,1.0,152952
BT0926,failed,empty tumor segmentation,,,,,,,,,,,,
BT1016,failed,empty tumor segmentation,,,,,,,,,,,,
BT1060,ok,,66.0,89.0,79.0,129.5,104.0,89.0,False,0.9998,0.9999,4.0,0.9995,137633
BT1067,ok,,105.0,115.0,116.0,113.0,101.0,78.5,False,1.0,0.999,11.0,0.9963,325707
BT1068,ok,,53.0,73.0,60.0,92.0,119.0,60.5,False,0.9999,1.0,3.0,0.9986,60519
BT1070,ok,,38.0,103.0,64.0,145.5,142.0,61.5,False,1.0,1.0,13.0,0.9389,43251
BT1071,ok,,52.0,51.0,49.0,129.5,103.0,68.0,False,1.0,1.0,1.0,1.0,33085
BT1072,ok,,23.0,47.0,28.0,130.0,125.0,120.5,False,0.9999,1.0,3.0,0.9988,12127
BT1073,ok,,38.0,43.0,43.0,140.5,63.0,89.0,False,0.9997,1.0,6.0,0.9996,19856
BT1076,ok,,27.0,25.0,30.0,145.0,182.0,101.5,False,1.0,0.999,4.0,0.999,6867
BT1079,ok,,66.0,85.0,66.0,145.5,108.0,80.5,False,1.0,1.0,1.0,1.0,77088
BT1080,ok,,65.0,57.0,50.0,96.0,138.0,72.5,False,1.0,1.0,3.0,0.9899,63505
BT1081,ok,,58.0,57.0,72.0,112.5,141.0,42.5,False,1.0,1.0,10.0,0.9966,64385
BT1082,ok,,93.0,86.0,82.0,122.0,121.5,86.5,False,1.0,0.965,15.0,0.7107,91544
BT1083,ok,,47.0,89.0,41.0,162.0,129.0,53.0,False,1.0,1.0,3.0,0.5505,17720
BT1084,ok,,73.0,100.0,78.0,154.0,128.5,57.5,False,1.0,1.0,3.0,1.0,235640
BT1085,ok,,66.0,122.0,85.0,143.5,141.5,81.0,False,1.0,1.0,1.0,1.0,113756
BT1086,ok,,27.0,28.0,18.0,170.0,127.5,60.5,False,1.0,1.0,1.0,1.0,4468
BT1087,ok,,42.0,61.0,53.0,148.5,120.0,55.0,False,1.0,1.0,1.0,1.0,35502
BT1088,ok,,39.0,60.0,41.0,161.0,152.5,68.0,False,1.0,1.0,3.0,0.9932,22038
BT1090,failed,empty tumor segmentation,,,,,,,,,,,,
BT1091,ok,,53.0,92.0,120.0,147.0,127.5,88.5,False,1.0,1.0,2.0,0.5759,38256
BT1092,ok,,45.0,56.0,68.0,98.0,166.5,102.5,False,1.0,1.0,1.0,1.0,60408
BT1094,ok,,62.0,88.0,60.0,148.5,124.5,62.5,False,1.0,0.9999,3.0,0.9999,69500
BT1095,ok,,86.0,86.0,71.0,110.5,128.5,112.0,False,1.0,0.9988,40.0,0.857,79138
BT1096,ok,,45.0,43.0,36.0,83.0,111.0,40.5,False,1.0,0.9997,9.0,0.9791,11550
BT1098,ok,,53.0,75.0,58.0,90.0,103.0,97.5,False,0.9988,0.9999,4.0,0.9795,80872
BT1099,ok,,34.0,62.0,37.0,174.5,138.5,41.0,False,1.0,0.9996,3.0,0.997,29017
BT1100,ok,,61.0,81.0,68.0,150.0,100.0,92.5,False,0.9998,1.0,1.0,1.0,119029
BT1102,ok,,38.0,47.0,52.0,139.5,177.0,74.5,False,1.0,1.0,11.0,0.9824,46059
BT1103,ok,,47.0,97.0,66.0,144.0,151.0,73.5,False,1.0,1.0,3.0,0.8509,54773
BT1104,ok,,42.0,45.0,39.0,156.5,175.0,93.0,False,1.0,0.9999,12.0,0.9384,27894
BT1105,ok,,65.0,109.0,67.0,142.0,152.0,65.0,False,1.0,1.0,2.0,1.0,89983
BT1106,ok,,76.0,99.0,82.0,135.5,93.0,96.5,False,0.9984,1.0,1.0,1.0,212878
BT1107,ok,,67.0,96.0,65.0,88.0,138.5,67.0,False,0.9999,1.0,2.0,0.9997,168298
BT1108,ok,,72.0,79.0,56.0,121.5,133.0,83.5,False,1.0,1.0,2.0,0.7445,43788
BT1109,ok,,72.0,101.0,80.0,84.5,129.0,56.5,False,1.0,1.0,2.0,0.9999,197845
BT1110,ok,,51.0,86.0,75.0,153.0,137.5,66.0,False,1.0,1.0,11.0,0.9871,95882
BT1112,ok,,48.0,61.0,56.0,93.5,167.0,95.5,False,1.0,1.0,1.0,1.0,67323
BT1113,ok,,52.0,92.0,85.0,88.5,121.5,77.0,False,1.0,1.0,2.0,0.9964,109991
BT1114,ok,,43.0,79.0,55.0,96.0,130.0,110.0,False,1.0,1.0,1.0,1.0,83825
BT1115,ok,,37.0,33.0,39.0,100.0,123.0,92.0,False,1.0,1.0,3.0,0.9891,9945
BT1116,ok,,53.0,66.0,63.0,154.0,148.5,76.0,False,0.9999,1.0,1.0,1.0,86348
BT1117,ok,,69.0,84.0,71.0,118.0,139.5,94.0,False,1.0,1.0,2.0,0.9999,113204
BT1120,ok,,70.0,114.0,68.0,144.5,122.5,63.5,False,1.0,0.9955,5.0,0.9782,116743
BT1121,ok,,57.0,97.0,65.0,152.0,134.0,67.0,False,1.0,1.0,7.0,0.9896,129438
BT1122,ok,,55.0,96.0,63.0,97.0,90.5,105.0,False,1.0,1.0,1.0,1.0,123441
BT1123,ok,,66.0,103.0,77.0,145.5,142.0,74.0,False,1.0,1.0,4.0,0.9982,160622
BT1124,ok,,37.0,42.0,35.0,154.0,107.5,98.0,False,0.9951,1.0,2.0,0.9937,15972
BT1125,ok,,35.0,48.0,63.0,75.0,157.5,88.0,False,0.9995,1.0,1.0,1.0,39548
BT1126,ok,,100.0,99.0,61.0,111.5,106.0,92.0,False,1.0,0.9888,14.0,0.7836,80177
BT1128,ok,,45.0,67.0,55.0,158.0,116.0,87.0,False,0.9999,1.0,2.0,0.9975,64892
BT1129,ok,,43.0,66.0,67.0,140.0,166.5,85.0,False,1.0,1.0,3.0,0.9999,87001
BT1131,ok,,40.0,58.0,60.0,161.5,136.5,84.5,False,0.9997,1.0,3.0,0.9488,42864
BT1134,ok,,93.0,111.0,125.0,116.0,135.0,67.0,False,1.0,1.0,4.0,0.8503,94580
BT1135,ok,,55.0,65.0,60.0,84.0,127.0,101.5,False,1.0,1.0,2.0,0.8115,33044
BT1137,ok,,60.0,92.0,54.0,93.5,137.5,71.5,False,0.9996,1.0,3.0,0.9999,101786
BT1138,ok,,59.0,71.0,68.0,83.0,120.0,60.5,False,1.0,0.9998,4.0,0.9986,118814
BT1139,ok,,28.0,37.0,26.0,153.5,153.0,51.5,False,1.0,1.0,1.0,1.0,11291
BT1140,ok,,24.0,31.0,27.0,80.5,68.0,77.0,False,0.9986,1.0,1.0,1.0,7901
BT1141,ok,,41.0,91.0,64.0,131.0,114.0,104.5,False,1.0,1.0,7.0,0.9989,84281
BT1143,ok,,50.0,65.0,58.0,145.5,115.0,63.5,False,1.0,1.0,2.0,0.9941,68824
BT1146,ok,,96.0,101.0,128.0,138.5,158.0,67.5,False,0.9998,1.0,8.0,0.9991,284311
BT1147,ok,,24.0,28.0,27.0,154.5,99.5,44.0,False,1.0,1.0,1.0,1.0,8237
BT1148,ok,,54.0,101.0,47.0,137.5,134.0,80.0,False,1.0,1.0,7.0,0.4869,20914
BT1150,ok,,57.0,81.0,63.0,154.0,127.0,64.0,False,1.0,1.0,1.0,1.0,116791
BT1151,ok,,58.0,72.0,87.0,147.5,111.5,71.0,False,1.0,1.0,1.0,1.0,115269
BT1201,ok,,70.0,84.0,67.0,137.5,98.5,95.0,False,0.9999,1.0,2.0,0.9999,127046
BT1205,ok,,17.0,34.0,33.0,111.0,97.5,111.0,False,1.0,1.0,1.0,1.0,7644
BT1207,ok,,67.0,99.0,83.0,85.0,153.0,90.0,False,1.0,1.0,1.0,1.0,207149
BT1208,ok,,46.0,57.0,54.0,92.5,120.0,57.5,False,1.0,1.0,13.0,0.9715,32217
BT1209,ok,,41.0,60.0,53.0,158.0,144.5,73.0,False,0.9995,1.0,2.0,0.9995,48874
BT1213,ok,,46.0,64.0,60.0,100.5,79.5,96.5,False,0.9999,1.0,1.0,1.0,40453
BT1215,ok,,51.0,75.0,66.0,144.0,167.0,82.5,False,1.0,1.0,2.0,0.9955,87846
BT1216,ok,,40.0,59.0,52.0,144.5,124.0,62.5,False,0.9995,1.0,4.0,0.999,39495
BT1223,ok,,47.0,61.0,63.0,97.0,136.0,79.0,False,1.0,1.0,4.0,0.9996,47585
BT1226,ok,,62.0,68.0,57.0,95.5,148.5,77.0,False,1.0,1.0,1.0,1.0,91676
BT1228,ok,,55.0,93.0,85.0,150.0,137.0,80.0,False,1.0,1.0,1.0,1.0,99484
BT1229,ok,,60.0,74.0,53.0,149.5,160.5,82.0,False,1.0,1.0,2.0,0.8289,33153
BT1232,ok,,69.0,85.0,65.0,95.0,127.0,96.0,False,0.9997,1.0,4.0,0.9996,83803
BT1233,ok,,59.0,88.0,62.0,151.0,119.5,91.5,False,1.0,1.0,1.0,1.0,112292
BT1234,ok,,54.0,77.0,70.0,137.5,151.0,73.5,False,1.0,1.0,1.0,1.0,52986
BT1235,ok,,71.0,98.0,85.0,148.0,126.5,65.0,False,1.0,1.0,1.0,1.0,196271
BT1236,ok,,48.0,71.0,54.0,83.5,117.0,54.5,False,1.0,1.0,1.0,1.0,55975
BT1239,ok,,51.0,83.0,54.0,157.0,127.0,62.5,False,1.0,1.0,1.0,1.0,77136
BT1240,ok,,63.0,90.0,79.0,84.0,134.5,80.0,False,0.9999,1.0,3.0,1.0,138838
BT1243,ok,,39.0,89.0,51.0,87.0,157.0,73.0,False,0.9972,1.0,4.0,0.896,10767
BT1244,ok,,51.0,53.0,48.0,79.0,135.0,105.5,False,0.9999,1.0,6.0,0.9923,48589
BT1245,ok,,59.0,97.0,58.0,110.0,108.0,103.5,False,1.0,1.0,3.0,0.8478,88673
BT1246,ok,,20.0,32.0,21.0,170.5,134.5,50.0,False,0.9993,1.0,2.0,0.9964,4388
BT1247,ok,,73.0,89.0,79.0,103.0,86.0,89.0,False,0.9998,1.0,1.0,1.0,184481
BT1249,ok,,72.0,99.0,68.0,150.5,128.0,54.5,False,1.0,1.0,1.0,1.0,110942
BT1250,ok,,77.0,101.0,80.0,101.0,91.0,88.5,False,1.0,1.0,2.0,0.9891,202507
BT1252,ok,,58.0,99.0,93.0,129.5,155.0,91.0,False,0.9999,1.0,2.0,1.0,140221
BT1253,ok,,74.0,88.0,64.0,120.5,141.5,98.5,False,1.0,1.0,18.0,0.775,68027
BT1254,ok,,41.0,58.0,48.0,76.0,128.5,51.5,False,0.9999,1.0,5.0,0.9991,43060
BT1258,ok,,1.0,2.0,1.0,122.0,153.5,82.0,False,1.0,1.0,1.0,1.0,2
BT1259,ok,,81.0,79.0,67.0,101.0,162.0,89.0,False,1.0,1.0,4.0,0.9994,110821
BT1262,ok,,56.0,98.0,79.0,140.5,94.5,92.0,False,1.0,1.0,1.0,1.0,137225
BT1263,ok,,85.0,78.0,65.0,126.0,109.5,74.0,False,1.0,1.0,2.0,0.6819,27363
BT1267,ok,,58.0,80.0,69.0,151.5,159.5,89.0,False,1.0,1.0,1.0,1.0,123370
BT1268,ok,,59.0,56.0,54.0,103.0,140.5,106.5,False,0.9999,1.0,1.0,1.0,56259
BT0926,failed,empty tumor segmentation,,,,,,,,,,,,
BT1016,failed,empty tumor segmentation,,,,,,,,,,,,
BT1090,failed,empty tumor segmentation,,,,,,,,,,,,
BT1269,ok,,68.0,115.0,86.0,86.5,139.0,69.5,False,1.0,1.0,7.0,0.9996,211220
BT1270,ok,,64.0,86.0,77.0,145.5,122.5,74.0,False,1.0,1.0,1.0,1.0,142783
BT1271,ok,,48.0,72.0,71.0,143.5,168.5,96.0,False,1.0,1.0,1.0,1.0,89184
BT1272,ok,,43.0,64.0,53.0,157.0,139.5,40.0,False,0.9998,1.0,1.0,1.0,36889
BT1273,ok,,57.0,100.0,77.0,149.0,108.5,88.0,False,1.0,1.0,1.0,1.0,162872
BT1274,ok,,72.0,65.0,60.0,117.5,143.0,66.5,False,1.0,1.0,1.0,1.0,39530
BT1276,ok,,57.0,70.0,60.0,159.0,142.5,56.5,False,1.0,1.0,3.0,1.0,105559
BT1277,ok,,53.0,66.0,67.0,114.0,129.5,102.0,False,0.9997,1.0,2.0,0.9997,69161
BT1279,ok,,80.0,75.0,64.0,133.5,92.0,72.5,False,1.0,1.0,1.0,1.0,79521
BT1280,ok,,59.0,100.0,95.0,152.0,159.5,87.0,False,1.0,1.0,2.0,0.9999,164901
BT1282,ok,,35.0,37.0,41.0,150.0,160.0,89.0,False,1.0,1.0,3.0,0.9942,12936
BT1283,ok,,35.0,53.0,51.0,149.0,106.0,62.0,False,1.0,1.0,1.0,1.0,34687
BT1284,ok,,68.0,82.0,69.0,109.5,92.5,87.0,False,1.0,0.9932,3.0,0.993,143044
BT1285,ok,,55.0,82.0,62.0,85.0,118.5,63.5,False,1.0,1.0,2.0,0.9999,77917
BT1286,ok,,65.0,79.0,68.0,95.0,82.0,85.5,False,1.0,1.0,2.0,1.0,117273
BT1288,ok,,42.0,41.0,51.0,106.5,137.0,34.0,False,1.0,1.0,1.0,1.0,23440
BT1289,ok,,86.0,97.0,75.0,117.5,96.0,89.0,False,1.0,1.0,2.0,1.0,193782
BT1296,ok,,65.0,75.0,86.0,141.0,78.0,88.5,False,1.0,1.0,2.0,0.9996,158233
BT1297,ok,,55.0,52.0,51.0,138.0,171.5,28.0,False,1.0,1.0,3.0,0.9998,51352
BT1298,ok,,56.0,69.0,59.0,158.5,145.0,92.0,False,0.9999,0.9998,4.0,0.9998,103650
BT1300,ok,,71.0,110.0,69.0,86.0,142.5,61.0,False,1.0,1.0,2.0,1.0,174715
BT1301,ok,,40.0,50.0,39.0,87.5,77.5,95.0,False,1.0,1.0,1.0,1.0,25554
BT1303,ok,,38.0,43.0,32.0,85.5,123.0,113.5,False,0.9999,1.0,1.0,1.0,18878
BT1311,ok,,45.0,63.0,56.0,133.0,115.0,66.5,False,1.0,1.0,1.0,1.0,40098
BT1312,ok,,33.0,39.0,33.0,79.0,176.0,59.0,False,1.0,1.0,1.0,1.0,11627
BT0848,failed,"tumor segmentation too small (38 voxels in crop, minimum 50)",,,,,,,,,,,,38
BT1258,failed,"tumor segmentation too small (2 voxels in crop, minimum 50)",,,,,,,,,,,,2
