patient_id,fold
BT0001,3
BT0002,4
BT0003,4
BT0005,1
BT0007,2
BT0008,4
BT0009,0
BT0011,1
BT0013,0
BT0015,3
BT0018,3
BT0019,2
BT0020,0
BT0021,3
BT0023,4
BT0024,3
BT0026,0
BT0027,1
BT0029,4
BT0030,3
BT0033,4
BT0034,4
BT0035,0
BT0036,2
BT0041,1
BT0042,4
BT0045,2
BT0048,0
BT0050,1
BT0053,0
BT0055,1
BT0059,1
BT0060,1
BT0061,3
BT0062,4
BT0063,0
BT0065,1
BT0066,0
BT0068,0
BT0070,2
BT0075,2
BT0076,0
BT0078,0
BT0079,1
BT0081,4
BT0083,0
BT0084,3
BT0086,1
BT0087,4
BT0089,4
BT0090,0
BT0091,4
BT0095,2
BT0096,2
BT0099,4
BT0101,1
BT0102,4
BT0103,2
BT0104,4
BT0107,1
BT0108,4
BT0112,0
BT0113,0
BT0115,1
BT0119,4
BT0120,1
BT0122,3
BT0124,3
BT0126,0
BT0127,0
BT0128,4
BT0129,4
BT0130,0
BT0133,3
BT0136,1
BT0137,0
BT0138,0
BT0139,3
BT0140,3
BT0141,0
BT0142,2
BT0143,4
BT0144,4
BT0145,2
BT0146,3
BT0147,4
BT0148,0
BT0149,3
BT0150,3
BT0152,2
BT0155,3
BT0156,3
BT0157,0
BT0158,1
BT0159,4
BT0160,2
BT0162,2
BT0165,3
BT0166,3
BT0168,3
BT0169,3
BT0170,0
BT0172,0
BT0173,0
BT0179,3
BT0181,4
BT0182,3
BT0183,3
BT0184,4
BT0187,4
BT0188,1
BT0189,1
BT0190,0
BT0191,4
BT0193,4
BT0194,0
BT0196,4
BT0197,4
BT0199,4
BT0204,1
BT0205,0
BT0206,0
BT0210,0
BT0211,1
BT0212,2
BT0213,2
BT0216,0
BT0219,0
BT0220,3
BT0221,2
BT0222,3
BT0223,3
BT0224,2
BT0225,3
BT0226,1
BT0227,1
BT0228,1
BT0233,4
BT0236,2
BT0237,2
BT0240,4
BT0242,3
BT0243,1
BT0244,0
BT0246,2
BT0248,1
BT0250,3
BT0251,2
BT0252,3
BT0254,0
BT0255,0
BT0258,1
BT0261,1
BT0262,4
BT0268,4
BT0269,4
BT0270,2
BT0273,3
BT0275,3
BT0276,0
BT0277,4
BT0280,1
BT0281,3
BT0282,1
BT0283,0
BT0285,4
BT0287,0
BT0289,2
BT0291,0
BT0292,2
BT0294,1
BT0295,0
BT0296,0
BT0299,1
BT0300,3
BT0301,2
BT0305,0
BT0306,1
BT0307,0
BT0308,1
BT0310,3
BT0311,3
BT0312,3
BT0315,3
BT0318,0
BT0319,0
BT0320,0
BT0323,4
BT0324,0
BT0325,1
BT0327,2
BT0330,4
BT0333,0
BT0336,4
BT0338,1
BT0339,1
BT0342,1
BT0345,3
BT0347,1
BT0348,4
BT0351,4
BT0358,3
BT0359,1
BT0360,3
BT0361,4
BT0363,1
BT0364,4
BT0365,4
BT0367,1
BT0368,4
BT0373,2
BT0374,1
BT0376,1
BT0377,2
BT0378,1
BT0384,4
BT0385,4
BT0387,1
BT0394,1
BT0397,1
BT0398,2
BT0399,3
BT0400,0
BT0405,4
BT0406,2
BT0407,1
BT0408,2
BT0411,0
BT0412,2
BT0414,4
BT0416,2
BT0421,2
BT0422,1
BT0424,2
BT0425,2
BT0426,2
BT0427,0
BT0431,2
BT0432,4
BT0436,4
BT0438,4
BT0444,4
BT0448,2
BT0450,2
BT0452,3
BT0456,2
BT0460,1
BT0461,0
BT0462,0
BT0463,1
BT0465,3
BT0466,2
BT0468,1
BT0469,0
BT0472,4
BT0474,4
BT0476,3
BT0479,4
BT0482,1
BT0484,2
BT0486,0
BT0488,1
BT0489,2
BT0490,0
BT0491,1
BT0498,4
BT0501,2
BT0502,4
BT0507,2
BT0515,0
BT0521,3
BT0525,3
BT0533,3
BT0537,1
BT0540,1
BT0600,1
BT0602,0
BT0605,2
BT0606,0
BT0607,4
BT0610,1
BT0611,0
BT0612,0
BT0614,0
BT0616,3
BT0617,1
BT0618,4
BT0619,4
BT0621,4
BT0622,2
BT0623,0
BT0624,4
BT0625,2
BT0626,4
BT0629,2
BT0630,0
BT0631,3
BT0632,1
BT0633,3
BT0635,1
BT0636,0
BT0637,1
BT0638,3
BT0639,0
BT0642,2
BT0643,1
BT0645,3
BT0646,1
BT0647,1
BT0649,3
BT0652,1
BT0653,1
BT0655,3
BT0656,4
BT0657,4
BT0660,1
BT0661,1
BT0663,4
BT0667,3
BT0669,0
BT0670,0
BT0671,0
BT0672,1
BT0675,1
BT0676,2
BT0678,2
BT0679,2
BT0680,4
BT0681,0
BT0686,3
BT0687,2
BT0688,3
BT0690,4
BT0692,2
BT0694,1
BT0695,1
BT0697,4
BT0700,3
BT0704,2
BT0707,3
BT0709,2
BT0712,3
BT0713,4
BT0716,2
BT0717,1
BT0719,1
BT0721,3
BT0722,3
BT0725,3
BT0726,2
BT0728,2
BT0729,0
BT0732,4
BT0733,2
BT0734,1
BT0735,0
BT0737,4
BT0738,3
BT0740,3
BT0741,3
BT0742,2
BT0743,2
BT0747,3
BT0748,3
BT0749,1
BT0750,3
BT0751,3
BT0752,2
BT0753,3
BT0754,3
BT0756,1
BT0757,2
BT0759,4
BT0762,3
BT0764,3
BT0765,4
BT0766,3
BT0767,2
BT0768,4
BT0769,1
BT0770,1
BT0772,1
BT0773,2
BT0777,2
BT0781,2
BT0782,1
BT0783,1
BT0784,1
BT0785,2
BT0786,4
BT0787,3
BT0788,1
BT0790,4
BT0791,1
BT0793,3
BT0794,0
BT0796,2
BT0801,1
BT0802,4
BT0804,3
BT0805,0
BT0807,4
BT0809,0
BT0812,3
BT0815,3
BT0817,0
BT0818,2
BT0820,2
BT0823,1
BT0828,0
BT0829,3
BT0830,0
BT0833,0
BT0835,1
BT0836,1
BT0837,3
BT0840,3
BT0841,2
BT0842,1
BT0843,0
BT0847,2
BT0848,0
BT0900,3
BT0904,4
BT0905,4
BT0907,1
BT0908,0
BT0912,3
BT0914,2
BT0915,0
BT0917,3
BT0919,2
BT0925,4
BT0926,0
BT0928,2
BT0929,2
BT0930,2
BT0931,2
BT0932,4
BT0944,1
BT0945,2
BT0947,4
BT0948,2
BT0950,0
BT0951,3
BT0953,3
BT0955,3
BT0957,1
BT0958,4
BT0959,1
BT0960,1
BT0961,2
BT0962,3
BT0964,2
BT0965,4
BT0969,4
BT0970,0
BT0971,1
BT0972,0
BT1000,0
BT1001,2
BT1006,3
BT1009,2
BT1010,1
BT1011,2
BT1012,1
BT1015,1
BT1016,4
BT1017,0
BT1018,0
BT1019,4
BT1020,4
BT1021,4
BT1023,3
BT1025,2
BT1026,2
BT1027,3
BT1028,1
BT1029,4
BT1032,1
BT1033,0
BT1034,1
BT1035,1
BT1036,0
BT1037,3
BT1038,0
BT1039,3
BT1041,0
BT1042,1
BT1046,0
BT1048,4
BT1050,3
BT1051,2
BT1053,3
BT1054,0
BT1056,2
BT1058,0
BT1060,0
BT1067,0
BT1068,4
BT1070,2
BT1071,4
BT1072,0
BT1073,2
BT1076,3
BT1079,4
BT1080,3
BT1081,2
BT1082,2
BT1083,2
BT1084,4
BT1085,3
BT1086,4
BT1087,2
BT1088,4
BT1090,4
BT1091,3
BT1092,3
BT1094,3
BT1095,2
BT1096,1
BT1098,0
BT1099,2
BT1100,2
BT1102,3
BT1103,2
BT1104,1
BT1105,0
BT1106,0
BT1107,4
BT1108,0
BT1109,0
BT1110,2
BT1112,0
BT1113,2
BT1114,4
BT1115,1
BT1116,3
BT1117,4
BT1120,0
BT1121,3
BT1122,2
BT1123,2
BT1124,0
BT1125,3
BT1126,0
BT1128,4
BT1129,3
BT1131,1
BT1134,3
BT1135,4
BT1137,1
BT1138,3
BT1139,0
BT1140,4
BT1141,4
BT1143,0
BT1146,0
BT1147,2
BT1148,3
BT1150,0
BT1151,2
BT1201,4
BT1205,3
BT1207,2
BT1208,0
BT1209,1
BT1213,2
BT1215,4
BT1216,0
BT1223,1
BT1226,2
BT1228,4
BT1229,2
BT1232,1
BT1233,0
BT1234,0
BT1235,3
BT1236,2
BT1239,2
BT1240,0
BT1243,3
BT1244,1
BT1245,3
BT1246,2
BT1247,4
BT1249,3
BT1250,4
BT1252,3
BT1253,2
BT1254,3
BT1258,1
BT1259,1
BT1262,1
BT1263,4
BT1267,1
BT1268,4
BT1269,0
BT1270,3
BT1271,2
BT1272,1
BT1273,4
BT1274,0
BT1276,2
BT1277,0
BT1279,1
BT1280,3
BT1282,3
BT1283,4
BT1284,2
BT1285,1
BT1286,4
BT1288,0
BT1289,2
BT1296,4
BT1297,4
BT1298,2
BT1300,2
BT1301,0
BT1303,1
BT1311,4
BT1312,1
